{
  "doc_id": "2025-109-ch1-quick",
  "version": "gor-toolkit-0.1.1",
  "metrics": {
    "Q1": {
      "rho": 0.3548387096774194,
      "L_U": 0.7071067932881648,
      "D": 0.29289320671183516,
      "curve": [
        [
          0.1,
          0.6968452226000276
        ],
        [
          0.2,
          0.49043025473734647
        ],
        [
          0.30000000000000004,
          0.34988442754249016
        ],
        [
          0.4,
          0.254188220303162
        ],
        [
          0.5,
          0.18902965769926555
        ],
        [
          0.6,
          0.14466386303419693
        ],
        [
          0.7000000000000001,
          0.11445565005950907
        ],
        [
          0.8,
          0.0938871887479712
        ],
        [
          0.9,
          0.07988233513154826
        ]
      ]
    },
    "Q2": {
      "A_sa": 0.4687499999999999,
      "coverage": 0.75,
      "mean_path": 0.1875,
      "details": {
        "num_key_nodes": 4,
        "num_anchors": 2,
        "raw_mean_path": 0.75,
        "diameter": 4.0
      }
    },
    "Q3": {
      "V_ch": 0.6931471824645996,
      "deltas": [
        0.6931471824645996,
        0.6931471824645996
      ],
      "num_transitions": 2
    },
    "Q4": {
      "G_a": 0.25,
      "baseline": 1.0,
      "with_anchors": 0.75
    }
  },
  "eval": {
    "mode": "union_k",
    "encoder": "tfidf-v1",
    "lang": "ja"
  },
  "log": {
    "seed": 42,
    "model_id": "tfidf-v1",
    "hash": "sha256:aaaaaaaaaaaaaaaaaaaaaaaaaaaaaaaaaaaaaaaaaaaaaaaaaaaaaaaaaaaaaaaa"
  }
}